STN---,WBAN , YEARMODA,   TEMP,  ,   DEWP,  ,  SLP  ,  ,  STP  ,  , VISIB,  ,  WDSP,  , MXSPD,  GUST,   MAX  ,  MIN  ,PRCP  ,SNDP , FRSHTT,
723060,13722, 19900101,   51.3,24,   38.5,24, 1012.8,24,  996.8,24,  11.9,24,  13.8,24,  21.0,  29.9,   64.0 ,  39.9 , 0.41G,999.9, 010000,
723060,13722, 19900102,   35.0,24,   19.7,24, 1031.2,24, 1014.6,24,  15.5,24,   5.4,24,  11.1, 999.9,   46.9*,  21.9 , 0.09G,999.9, 000000,
723060,13722, 19900103,   41.4,24,   25.7,24, 1030.1,24, 1013.5,24,  10.5,24,   6.8,24,  12.0, 999.9,   57.0*,  21.9 , 0.00G,999.9, 000000,
723060,13722, 19900104,   52.3,24,   41.4,24, 1024.0,24, 1007.7,24,   8.6,24,   6.9,24,  12.0, 999.9,   63.0*,  30.9 , 0.00G,999.9, 000000,
723060,13722, 19900105,   56.0,24,   49.3,24, 1020.0,24, 1004.0,24,   5.9,24,   4.9,24,   8.0, 999.9,   63.0 ,  45.0 , 0.00G,999.9, 110000,
723060,13722, 19900106,   50.7,24,   46.6,24, 1018.8,24, 1002.7,24,   4.1,24,   5.1,24,  15.0, 999.9,   61.0 ,  46.9 , 0.36G,999.9, 110000,
723060,13722, 19900107,   44.5,24,   31.5,24, 1021.9,24, 1005.6,24,  12.6,24,   3.4,24,   7.0, 999.9,   55.0 ,  39.9 , 0.13G,999.9, 000000,
723060,13722, 19900108,   42.2,24,   39.9,24, 1012.5,24,  996.3,24,   3.6,24,   6.2,24,  14.0, 999.9,   48.0 ,  39.9 , 0.54G,999.9, 110000,
723060,13722, 19900109,   39.2,24,   37.7,24, 1016.9,24, 1000.5,24,   4.0,24,   5.7,24,  10.1,  17.1,   50.0*,  33.1 , 0.02G,999.9, 100000,
723060,13722, 19900110,   47.7,24,   35.0,24, 1012.2,24,  996.1,24,  11.0,24,  11.7,24,  21.0,  28.9,   59.0 ,  33.1 , 0.00G,999.9, 000000,
723060,13722, 19900111,   42.3,24,   26.1,24, 1013.1,24,  996.9,24,  14.4,24,   6.7,24,  14.0,  19.0,   63.0*,  27.0 , 0.00G,999.9, 000000,
723060,13722, 19900112,   49.8,24,   19.0,24, 1004.9,24,  989.0,24,  14.9,24,  13.0,24,  18.1,  26.0,   64.0 ,  43.0*, 0.00G,999.9, 000000,
723060,13722, 19900113,   35.8,24,   12.7,24, 1020.8,24, 1004.4,24,  14.9,24,  11.6,24,  17.1,  26.0,   54.0 ,  28.9 , 0.00G,999.9, 000000,
723060,13722, 19900114,   35.5,24,   14.7,24, 1030.0,24, 1013.3,24,  13.9,24,   4.7,24,  13.0, 999.9,   54.0*,  21.9 , 0.00G,999.9, 000000,
723060,13722, 19900115,   47.4,24,   28.1,24, 1028.2,24, 1011.8,24,  13.5,24,   9.0,24,  14.0, 999.9,   64.0*,  37.9*, 0.00G,999.9, 000000,
723060,13722, 19900116,   52.9,24,   37.3,24, 1028.6,24, 1012.3,24,  10.6,24,   5.6,24,  10.1, 999.9,   69.1*,  36.0 , 0.00G,999.9, 000000,
723060,13722, 19900117,   56.0,24,   45.1,24, 1027.8,24, 1011.7,24,   7.7,24,   5.5,24,  11.1,  15.9,   72.0*,  36.0 , 0.00G,999.9, 000000,
723060,13722, 19900118,   59.6,24,   51.5,24, 1023.1,24, 1007.1,24,   9.7,24,   9.4,24,  14.0,  20.0,   73.0 ,  44.1 , 0.00G,999.9, 000000,
723060,13722, 19900119,   53.1,24,   43.7,24, 1025.2,24, 1009.1,24,   8.3,24,   6.6,24,  14.0,  20.0,   69.1 ,  46.9 , 0.00G,999.9, 100000,
723060,13722, 19900120,   47.7,24,   36.6,24, 1024.5,24, 1008.3,24,   8.9,24,   5.3,24,   8.9, 999.9,   57.0 ,  43.0 , 0.00G,999.9, 000000,
723060,13722, 19900121,   58.8,24,   52.8,24, 1012.2,24,  996.2,24,   6.3,24,  10.5,24,  17.1,  22.9,   66.9*,  43.0 , 0.90G,999.9, 110000,
723060,13722, 19900122,   50.1,24,   32.6,24, 1014.3,24,  998.4,24,  13.3,24,   7.3,24,  12.0,  15.9,   66.9 ,  34.0 , 0.00D,999.9, 000000,
723060,13722, 19900123,   47.5,24,   30.8,24, 1018.8,24, 1002.6,24,  11.9,24,   3.9,24,  10.1, 999.9,   63.0 ,  30.9 , 0.00G,999.9, 000000,
723060,13722, 19900124,   51.4,24,   39.9,24, 1017.3,24, 1001.2,24,   9.9,24,   6.0,24,  10.1, 999.9,   64.0 ,  48.9*, 0.04G,999.9, 110000,
723060,13722, 19900125,   58.7,24,   52.6,24, 1013.1,24,  997.1,24,   5.3,24,   9.4,24,  18.1,  28.9,   77.0*,  48.0 , 0.06G,999.9, 110000,
723060,13722, 19900126,   48.2,24,   37.7,24, 1012.6,24,  996.6,24,   9.4,24,  12.6,24,  19.0,  28.0,   61.0*,  39.0 , 0.75G,999.9, 110000,
723060,13722, 19900127,   38.7,24,   21.3,24, 1028.0,24, 1011.5,24,  14.2,24,   5.1,24,  11.1, 999.9,   57.0 ,  27.0 , 0.01G,999.9, 100000,
723060,13722, 19900128,   46.3,24,   28.1,24, 1026.7,24, 1010.3,24,  15.9,24,   6.8,24,  10.1, 999.9,   63.0*,  27.0 , 0.00G,999.9, 000000,
723060,13722, 19900129,   54.2,24,   44.2,24, 1016.3,24, 1000.2,24,  11.0,24,   6.3,24,  12.0,  22.0,   73.9*,  34.0 , 0.00G,999.9, 000000,
723060,13722, 19900130,   49.9,24,   35.2,24, 1014.2,24,  998.2,24,  11.0,24,   8.5,24,  22.0,  31.1,   73.9 ,  33.1 , 0.27G,999.9, 010000,
723060,13722, 19900131,   48.7,24,   34.6,24, 1021.9,24, 1005.7,24,   9.5,24,   5.1,24,   8.0, 999.9,   62.1*,  33.1 , 0.00G,999.9, 000000,
723060,13722, 19900201,   48.2,24,   37.9,24, 1026.2,24, 1009.9,24,   9.2,24,   4.7,24,  10.1, 999.9,   66.0*,  33.1 , 0.00G,999.9, 000000,
723060,13722, 19900202,   59.2,24,   53.3,24, 1019.4,24, 1003.3,24,   4.9,24,   8.3,24,  14.0,  22.0,   73.0*,  50.0*, 0.00G,999.9, 110000,
723060,13722, 19900203,   62.8,24,   58.7,24, 1018.7,24, 1002.8,24,   4.9,24,   5.5,24,  12.0, 999.9,   73.9 ,  50.0 , 0.00G,999.9, 110000,
723060,13722, 19900204,   59.8,24,   56.7,24, 1010.6,24,  994.7,24,   4.1,24,   7.7,24,  15.0,  17.1,   73.0 ,  48.9 , 0.03G,999.9, 110000,
723060,13722, 19900205,   47.5,24,   27.6,24, 1019.7,24, 1003.6,24,  13.4,24,  11.2,24,  20.0,  29.9,   73.0 ,  36.0 , 0.02G,999.9, 000000,
723060,13722, 19900206,   42.4,24,   25.9,24, 1027.0,24, 1010.6,24,  11.4,24,   5.9,24,  10.1, 999.9,   62.1*,  28.9 , 0.00G,999.9, 000000,
723060,13722, 19900207,   55.7,24,   39.5,24, 1020.1,24, 1004.0,24,   8.4,24,   8.5,24,  15.9,  25.1,   66.0*,  48.0 , 0.10G,999.9, 110000,
723060,13722, 19900208,   50.0,24,   37.3,24, 1024.6,24, 1008.4,24,  10.1,24,   5.6,24,  11.1, 999.9,   66.9 ,  35.1 , 0.00D,999.9, 000000,
723060,13722, 19900209,   56.3,24,   47.0,24, 1020.1,24, 1004.1,24,   9.7,24,   8.2,24,  14.0,  24.1,   70.0*,  35.1 , 0.00G,999.9, 110000,
723060,13722, 19900210,   61.2,24,   57.3,24, 1006.9,24,  991.2,24,   7.2,24,  11.8,24,  28.0,  33.0,   72.0 ,  46.0 , 1.31G,999.9, 110010,
723060,13722, 19900211,   46.5,24,   35.5,24, 1012.9,24,  996.8,24,   9.9,24,   6.2,24,  13.0, 999.9,   68.0 ,  35.1 , 0.25G,999.9, 110000,
723060,13722, 19900212,   46.6,24,   31.3,24, 1017.1,24, 1000.9,24,  10.3,24,   8.1,24,  19.0,  29.9,   57.0 ,  35.1 , 0.00G,999.9, 000000,
723060,13722, 19900213,   49.0,24,   31.1,24, 1024.7,24, 1008.4,24,  10.9,24,   8.2,24,  15.0,  26.0,   69.1*,  36.0 , 0.00G,999.9, 000000,
723060,13722, 19900214,   61.4,24,   46.2,24, 1021.9,24, 1005.9,24,  11.8,24,  10.2,24,  14.0, 999.9,   73.9*,  52.0*, 0.00G,999.9, 000000,
723060,13722, 19900215,   63.7,24,   52.6,24, 1021.4,24, 1005.5,24,   9.7,24,   9.1,24,  14.0,  21.0,   77.0*,  51.1 , 0.00G,999.9, 000000,
723060,13722, 19900216,   67.1,24,   61.7,24, 1016.5,24, 1000.7,24,   7.1,24,  10.3,24,  15.9,  21.0,   78.1 ,  55.9 , 0.22G,999.9, 110000,
723060,13722, 19900217,   59.5,24,   46.0,24, 1020.4,24, 1004.5,24,  11.7,24,  11.0,24,  15.0,  25.1,   69.1 ,  52.0 , 1.00G,999.9, 010000,
723060,13722, 19900218,   43.1,24,   23.9,24, 1034.7,24, 1018.3,24,  11.6,24,   8.2,24,  11.1,  18.1,   63.0 ,  34.0 , 0.00G,999.9, 000000,
723060,13722, 19900219,   47.0,24,   42.6,24, 1023.1,24, 1006.8,24,   4.4,24,   6.1,24,  10.1, 999.9,   61.0*,  34.0 , 0.62G,999.9, 110000,
723060,13722, 19900220,   48.4,24,   28.2,24, 1026.9,24, 1010.6,24,  12.3,24,   7.9,24,  12.0,  18.1,   61.0 ,  41.0 , 0.01G,999.9, 000000,
723060,13722, 19900221,   41.5,24,   24.2,24, 1035.8,24, 1019.2,24,  13.9,24,   6.3,24,  11.1, 999.9,   59.0*,  27.0 , 0.00G,999.9, 000000,
723060,13722, 19900222,   53.1,24,   49.5,24, 1024.7,24, 1008.5,24,   7.0,24,   9.6,24,  15.9,  24.1,   68.0*,  43.0*, 0.01G,999.9, 110000,
723060,13722, 19900223,   60.3,24,   55.6,24, 1009.6,24,  993.8,24,   6.0,24,  10.2,24,  14.0,  20.0,   69.1 ,  44.1 , 0.30G,999.9, 110000,
723060,13722, 19900224,   49.1,24,   35.7,24, 1008.1,24,  992.1,24,  10.4,24,  12.2,24,  22.0,  40.0,   64.9 ,  37.0 , 0.23G,999.9, 110000,
723060,13722, 19900225,   32.8,24,    7.2,24, 1028.4,24, 1011.9,24,  14.9,24,  14.9,24,  20.0,  33.0,   54.0 ,  25.0 , 0.00G,999.9, 000000,
723060,13722, 19900226,   26.8,24,    0.5,24, 1043.7,24, 1026.7,24,  14.9,24,   7.9,24,  13.0,  20.0,   37.9*,  17.1 , 0.00G,999.9, 000000,
723060,13722, 19900227,   38.3,24,   14.6,24, 1038.5,24, 1021.8,24,  12.1,24,   7.0,24,  11.1,  15.9,   59.0*,  17.1 , 0.00G,999.9, 001000,
723060,13722, 19900228,   49.6,24,   32.2,24, 1029.1,24, 1012.8,24,  11.1,24,   5.7,24,  10.1, 999.9,   59.0 ,  42.1*, 0.00G,999.9, 000000,
723060,13722, 19900301,   48.1,24,   27.3,24, 1029.6,24, 1013.3,24,   9.8,24,   7.1,24,  12.0, 999.9,   59.0 ,  39.9 , 0.00G,999.9, 010000,
723060,13722, 19900302,   47.8,24,   37.6,24, 1023.6,24, 1007.4,24,   7.0,24,   5.4,24,   8.0, 999.9,   55.0 ,  39.9 , 0.00G,999.9, 110000,
723060,13722, 19900303,   53.1,24,   51.8,24, 1010.5,24,  994.5,24,   2.9,24,   6.7,24,  13.0, 999.9,   55.9 ,  41.0 , 0.61G,999.9, 110010,
723060,13722, 19900304,   44.5,24,   34.6,24, 1017.8,24, 1001.6,24,  14.3,24,   5.9,24,  13.0, 999.9,   55.9 ,  37.0 , 0.07G,999.9, 000000,
723060,13722, 19900305,   44.0,24,   30.4,24, 1026.5,24, 1010.1,24,  14.9,24,   5.6,24,   8.9, 999.9,   62.1*,  30.0 , 0.00G,999.9, 000000,
723060,13722, 19900306,   52.5,24,   37.0,24, 1027.6,24, 1011.3,24,  10.9,24,   3.4,24,  10.1, 999.9,   71.1*,  30.0 , 0.00G,999.9, 000000,
723060,13722, 19900307,   45.2,24,   27.8,24, 1036.1,24, 1019.7,24,  11.1,24,  10.6,24,  15.0,  21.0,   72.0 ,  35.1 , 0.00C,999.9, 000000,
723060,13722, 19900308,   36.4,24,   20.4,24, 1039.0,24, 1022.2,24,   8.9,24,   5.8,24,   8.9, 999.9,   50.0 ,  27.0 , 0.00G,999.9, 000000,
723060,13722, 19900309,   46.7,24,   41.0,24, 1029.6,24, 1013.2,24,   4.7,24,   7.4,24,  14.0, 999.9,   62.1*,  27.0 , 0.10G,999.9, 110000,
723060,13722, 19900310,   58.4,24,   47.7,24, 1024.9,24, 1008.8,24,   5.4,24,   6.3,24,  13.0,  15.0,   77.0*,  39.9 , 0.04G,999.9, 100000,
723060,13722, 19900311,   66.1,24,   50.6,24, 1025.0,24, 1009.0,24,  10.7,24,   7.2,24,  11.1, 999.9,   82.9*,  42.1 , 0.00G,999.9, 000000,
723060,13722, 19900312,   73.1,24,   56.1,24, 1024.1,24, 1008.3,24,  10.1,24,   7.5,24,  12.0, 999.9,   89.1*,  54.0 , 0.00G,999.9, 000000,
723060,13722, 19900313,   73.1,24,   54.2,24, 1022.4,24, 1006.6,24,  10.4,24,   5.0,24,   8.0, 999.9,   90.0 ,  57.9 , 0.00G,999.9, 000000,
723060,13722, 19900314,   73.0,24,   54.5,24, 1019.9,24, 1004.2,24,  10.1,24,   6.8,24,  13.0, 999.9,   88.0 ,  57.9 , 0.00G,999.9, 000000,
723060,13722, 19900315,   70.6,24,   59.6,24, 1021.0,24, 1005.3,24,   9.1,24,   7.9,24,  11.1, 999.9,   86.0 ,  60.1 , 0.00G,999.9, 100000,
723060,13722, 19900316,   72.8,24,   63.8,24, 1019.7,24, 1003.9,24,  11.2,24,  10.7,24,  14.0,  22.0,   84.0*,  60.1 , 0.00G,999.9, 010000,
723060,13722, 19900317,   71.0,24,   64.1,24, 1012.5,24,  996.9,24,   8.7,24,  12.7,24,  15.9,  31.1,   84.0 ,  64.9*, 0.00G,999.9, 110000,
723060,13722, 19900318,   58.9,24,   45.0,24, 1014.4,24,  998.6,24,  11.1,24,   8.1,24,  14.0,  20.0,   80.1 ,  48.9 , 0.75G,999.9, 110000,
723060,13722, 19900319,   55.1,24,   41.2,24, 1021.3,24, 1005.2,24,  14.9,24,   4.8,24,  14.0,  15.9,   69.1*,  39.9 , 0.01G,999.9, 000000,
723060,13722, 19900320,   45.5,24,   32.4,24, 1019.1,24, 1003.0,24,   9.7,24,  12.6,24,  20.0,  27.0,   71.1 ,  34.0 , 0.04G,999.9, 111000,
723060,13722, 19900321,   42.3,24,   19.1,24, 1025.5,24, 1009.1,24,  14.9,24,   6.0,24,  13.0, 999.9,   62.1*,  26.1 , 0.01G,999.9, 000000,
723060,13722, 19900322,   52.5,24,   31.1,24, 1027.0,24, 1010.7,24,  12.4,24,   7.2,24,  15.0,  20.0,   69.1*,  26.1 , 0.00G,999.9, 000000,
723060,13722, 19900323,   62.3,24,   41.2,24, 1022.9,24, 1006.9,24,  10.3,24,   9.9,24,  20.0, 999.9,   75.9*,  37.0 , 0.00G,999.9, 000000,
723060,13722, 19900324,   56.2,24,   40.6,24, 1024.1,24, 1008.0,24,   8.6,24,   6.9,24,  13.0,  18.1,   77.0 ,  46.9 , 0.00G,999.9, 000000,
723060,13722, 19900325,   44.5,24,   40.6,24, 1026.2,24, 1009.9,24,   5.3,24,   7.4,24,  12.0, 999.9,   66.0 ,  39.9 , 0.00G,999.9, 110000,
723060,13722, 19900326,   49.4,24,   40.1,24, 1026.0,24, 1009.7,24,   6.3,24,   6.5,24,  10.1, 999.9,   60.1*,  39.9 , 0.00G,999.9, 110000,
723060,13722, 19900327,   49.9,24,   30.4,24, 1026.6,24, 1010.3,24,  10.2,24,   7.2,24,  12.0,  18.1,   62.1 ,  39.0 , 0.00G,999.9, 000000,
723060,13722, 19900328,   46.9,24,   31.1,24, 1030.0,24, 1013.6,24,   9.7,24,   7.3,24,  12.0, 999.9,   61.0*,  34.0 , 0.00G,999.9, 000000,
723060,13722, 19900329,   48.4,24,   41.8,24, 1026.7,24, 1010.4,24,   4.2,24,   9.4,24,  15.0,  22.0,   61.0 ,  34.0 , 2.38G,999.9, 110000,
723060,13722, 19900330,   46.7,24,   44.1,24, 1023.8,24, 1007.5,24,   3.8,24,   8.2,24,  12.0, 999.9,   54.0*,  43.0 , 0.27G,999.9, 110000,
723060,13722, 19900331,   53.3,24,   51.3,24, 1017.9,24, 1001.8,24,   3.3,24,   3.5,24,  10.1, 999.9,   60.1*,  43.0 , 0.80G,999.9, 110000,
723060,13722, 19900401,   62.0,24,   56.3,24, 1014.8,24,  998.9,24,   3.8,24,   2.6,24,  11.1, 999.9,   77.0*,  48.0 , 0.04G,999.9, 110000,
723060,13722, 19900402,   65.2,24,   58.1,24, 1011.4,24,  995.7,24,   6.3,24,   7.8,24,  11.1,  15.9,   78.1 ,  54.0 , 0.00G,999.9, 100000,
723060,13722, 19900403,   55.3,24,   42.6,24, 1005.0,24,  989.3,24,   9.2,24,  11.1,24,  15.9,  24.1,   75.0 ,  48.0 , 0.40G,999.9, 110010,
723060,13722, 19900404,   48.3,24,   30.6,24, 1005.3,24,  989.4,24,  13.9,24,  13.7,24,  20.0,  27.0,   60.1*,  36.0 , 0.00G,999.9, 000000,
723060,13722, 19900405,   56.3,24,   35.9,24, 1008.4,24,  992.5,24,  14.9,24,   7.7,24,  14.0,  15.9,   73.0*,  36.0 , 0.00G,999.9, 000000,
723060,13722, 19900406,   62.1,24,   45.5,24, 1011.0,24,  995.2,24,  11.6,24,   7.0,24,  15.9,  26.0,   79.0*,  41.0 , 0.00G,999.9, 010000,
723060,13722, 19900407,   48.2,24,   36.2,24, 1015.9,24,  999.8,24,  10.7,24,  11.5,24,  20.0,  22.0,   57.0*,  37.0 , 0.65G,999.9, 110000,
723060,13722, 19900408,   44.8,24,   23.4,24, 1027.0,24, 1010.6,24,  12.9,24,   4.8,24,   8.9, 999.9,   60.1*,  28.9 , 0.22G,999.9, 000000,
723060,13722, 19900409,   48.8,24,   29.9,24, 1032.0,24, 1015.6,24,  13.3,24,   4.9,24,  12.0,  24.1,   64.9*,  28.9 , 0.00G,999.9, 000000,
723060,13722, 19900410,   60.5,24,   49.0,24, 1024.5,24, 1008.4,24,  11.6,24,   9.6,24,  15.0,  22.9,   72.0*,  51.1*, 0.00G,999.9, 000000,
723060,13722, 19900411,   63.2,24,   51.3,24, 1010.5,24,  994.8,24,   9.3,24,  12.8,24,  17.1,  28.0,   72.0 ,  51.1 , 0.00G,999.9, 010000,
723060,13722, 19900412,   47.1,24,   28.2,24, 1021.0,24, 1004.8,24,  12.4,24,   8.1,24,  15.9,  28.0,   66.9 ,  28.9 , 0.00G,999.9, 000000,
723060,13722, 19900413,   49.2,24,   28.5,24, 1029.3,24, 1012.9,24,  13.9,24,   7.2,24,  10.1,  11.1,   63.0*,  28.9 , 0.00G,999.9, 000000,
723060,13722, 19900414,   52.7,24,   45.3,24, 1026.5,24, 1010.3,24,   8.0,24,   8.1,24,  13.0,  17.1,   68.0*,  36.0 , 0.06G,999.9, 110000,
723060,13722, 19900415,   62.2,24,   53.8,24, 1016.5,24, 1000.6,24,   7.7,24,   6.0,24,  10.1, 999.9,   71.1*,  44.1 , 0.21G,999.9, 110000,
723060,13722, 19900416,   62.0,24,   52.6,24, 1015.0,24,  999.1,24,   8.6,24,   5.1,24,  10.1, 999.9,   73.0*,  53.1 , 0.08G,999.9, 110000,
723060,13722, 19900417,   67.4,24,   55.1,24, 1014.3,24,  998.5,24,   7.3,24,   8.7,24,  20.0,  26.0,   82.9*,  53.1 , 0.07G,999.9, 110000,
723060,13722, 19900418,   51.2,24,   34.3,24, 1026.6,24, 1010.5,24,  10.8,24,  10.6,24,  14.0,  20.0,   64.9*,  39.9 , 0.18G,999.9, 110000,
723060,13722, 19900419,   50.3,24,   31.2,24, 1035.7,24, 1019.2,24,  12.4,24,   7.3,24,  13.0,  19.0,   66.0*,  35.1 , 0.01G,999.9, 100000,
723060,13722, 19900420,   60.9,24,   47.3,24, 1033.3,24, 1017.1,24,  11.7,24,   6.0,24,  10.1, 999.9,   75.9*,  51.1*, 0.00G,999.9, 000000,
723060,13722, 19900421,   67.0,24,   54.5,24, 1022.9,24, 1007.1,24,   8.2,24,   8.0,24,  15.0, 999.9,   75.9 ,  51.1 , 0.00G,999.9, 000000,
723060,13722, 19900422,   63.1,24,   55.6,24, 1018.8,24, 1002.9,24,   6.5,24,   5.5,24,  12.0, 999.9,   77.0 ,  55.0 , 0.05G,999.9, 110000,
723060,13722, 19900423,   63.5,24,   50.5,24, 1019.5,24, 1003.6,24,   8.0,24,   2.7,24,   8.0, 999.9,   82.0*,  46.9 , 0.00G,999.9, 100000,
723060,13722, 19900424,   69.7,24,   52.7,24, 1019.5,24, 1003.7,24,   9.4,24,   6.8,24,  10.1,  15.0,   86.0*,  46.9 , 0.00D,999.9, 000000,
723060,13722, 19900425,   73.8,24,   52.8,24, 1019.9,24, 1004.2,24,   9.2,24,   5.9,24,  10.1, 999.9,   90.0*,  54.0 , 0.00G,999.9, 000000,
723060,13722, 19900426,   76.4,24,   57.0,24, 1017.5,24, 1001.8,24,   6.2,24,   4.8,24,   8.9, 999.9,   91.9*,  59.0 , 0.00G,999.9, 000000,
723060,13722, 19900427,   76.7,24,   59.4,24, 1016.0,24, 1000.4,24,   5.9,24,   4.0,24,   8.9, 999.9,   93.0 ,  61.0 , 0.00G,999.9, 100000,
723060,13722, 19900428,   72.7,24,   54.9,24, 1014.0,24,  998.4,24,   8.3,24,   7.5,24,  15.0,  22.0,   91.9 ,  59.0 , 0.00G,999.9, 000000,
723060,13722, 19900429,   64.1,24,   54.6,24, 1014.0,24,  998.2,24,   8.4,24,   8.8,24,  14.0,  21.0,   84.0 ,  55.9 , 0.02G,999.9, 110000,
723060,13722, 19900430,   62.1,24,   56.1,24, 1014.8,24,  998.9,24,   8.2,24,   6.6,24,  12.0,  15.9,   73.9*,  55.0 , 0.55G,999.9, 110010,
723060,13722, 19900501,   70.7,24,   63.5,24, 1014.5,24,  998.8,24,   4.0,24,   5.4,24,   8.9, 999.9,   87.1*,  55.0 , 0.48G,999.9, 110010,
723060,13722, 19900502,   68.4,24,   62.0,24, 1018.4,24, 1002.6,24,   6.4,24,   6.9,24,  32.1,  42.0,   88.0 ,  57.0 , 0.54G,999.9, 110010,
723060,13722, 19900503,   64.7,24,   60.7,24, 1024.6,24, 1008.7,24,   3.7,24,   6.8,24,  20.0,  32.1,   78.1 ,  59.0 , 1.04G,999.9, 110010,
723060,13722, 19900504,   68.5,24,   65.0,24, 1022.8,24, 1006.9,24,   3.6,24,   6.4,24,  14.0, 999.9,   79.0*,  59.0 , 0.28G,999.9, 110010,
723060,13722, 19900505,   72.4,24,   66.0,24, 1009.3,24,  993.7,24,   6.9,24,  10.7,24,  20.0,  32.1,   79.0 ,  61.0 , 0.09G,999.9, 110010,
723060,13722, 19900506,   59.7,24,   46.9,24, 1010.9,24,  995.1,24,   9.2,24,   8.3,24,  15.0, 999.9,   79.0 ,  48.9 , 0.42G,999.9, 010010,
723060,13722, 19900507,   60.2,24,   45.6,24, 1017.7,24, 1001.8,24,  11.8,24,   7.4,24,  12.0, 999.9,   73.9*,  48.9 , 0.06G,999.9, 110000,
723060,13722, 19900508,   65.2,24,   47.7,24, 1021.1,24, 1005.2,24,  13.8,24,   6.7,24,  12.0,  15.9,   80.1*,  48.9 , 0.02G,999.9, 000000,
723060,13722, 19900509,   67.4,24,   55.9,24, 1020.4,24, 1004.6,24,   8.0,24,   7.9,24,  14.0, 999.9,   81.0 ,  51.1 , 0.00G,999.9, 110000,
723060,13722, 19900510,   70.3,24,   63.7,24, 1007.9,24,  992.3,24,   6.9,24,  12.9,24,  20.0,  28.9,   82.9*,  57.9 , 1.38G,999.9, 110000,
723060,13722, 19900511,   59.7,24,   38.9,24, 1015.5,24,  999.7,24,  13.0,24,  10.4,24,  20.0,  33.0,   82.9 ,  42.1 , 0.63G,999.9, 000000,
723060,13722, 19900512,   61.8,24,   49.3,24, 1022.8,24, 1006.8,24,  11.6,24,   4.8,24,  12.0, 999.9,   75.9 ,  42.1 , 0.00G,999.9, 000000,
723060,13722, 19900513,   69.5,24,   60.7,24, 1017.4,24, 1001.7,24,   8.6,24,   9.6,24,  15.9,  19.0,   79.0*,  63.0*, 0.04G,999.9, 110000,
723060,13722, 19900514,   69.9,24,   60.0,24, 1018.2,24, 1002.5,24,  10.2,24,   6.0,24,  11.1, 999.9,   79.0 ,  61.0 , 0.00D,999.9, 000000,
723060,13722, 19900515,   69.5,24,   62.8,24, 1021.5,24, 1005.7,24,   6.7,24,   6.7,24,  11.1, 999.9,   82.0*,  61.0 , 0.00G,999.9, 100000,
723060,13722, 19900516,   75.4,24,   64.7,24, 1019.1,24, 1003.4,24,   6.2,24,   8.8,24,  14.0,  20.0,   88.0*,  62.1 , 0.00G,999.9, 100000,
723060,13722, 19900517,   77.3,24,   66.6,24, 1012.5,24,  996.9,24,   6.6,24,  11.3,24,  15.9,  21.0,   88.0 ,  66.0 , 0.00G,999.9, 100000,
723060,13722, 19900518,   69.7,24,   44.5,24, 1015.6,24,  999.9,24,  15.5,24,   9.8,24,  14.0,  25.1,   84.9 ,  53.1 , 0.00G,999.9, 000000,
723060,13722, 19900519,   67.5,24,   47.4,24, 1018.3,24, 1002.5,24,  15.7,24,   6.1,24,  12.0, 999.9,   82.9*,  48.9 , 0.00G,999.9, 000000,
723060,13722, 19900520,   73.8,24,   59.9,24, 1014.4,24,  998.8,24,  12.4,24,   8.4,24,  15.0,  25.1,   84.0 ,  66.0*, 0.00G,999.9, 000000,
723060,13722, 19900521,   76.5,24,   62.5,24, 1010.0,24,  994.5,24,   9.1,24,   8.2,24,  12.0,  18.1,   84.9 ,  64.0 , 0.00G,999.9, 010000,
723060,13722, 19900522,   61.8,24,   58.3,24, 1010.4,24,  994.7,24,   5.6,24,   9.4,24,  19.0,  31.1,   87.1 ,  51.1*, 0.76G,999.9, 110010,
723060,13722, 19900523,   57.3,24,   47.8,24, 1016.1,24, 1000.1,24,   9.2,24,   7.8,24,  12.0, 999.9,   72.0 ,  46.9 , 0.06G,999.9, 110000,
723060,13722, 19900524,   61.1,24,   52.4,24, 1017.8,24, 1001.9,24,  10.6,24,   3.7,24,  10.1,  15.9,   75.0*,  46.9 , 0.00G,999.9, 010000,
723060,13722, 19900525,   61.1,24,   58.2,24, 1020.8,24, 1004.9,24,   5.4,24,   4.0,24,   8.9, 999.9,   75.9 ,  50.0 , 0.03G,999.9, 110000,
723060,13722, 19900526,   70.9,24,   62.5,24, 1016.1,24, 1000.4,24,   5.9,24,  10.8,24,  15.9,  22.0,   84.9*,  55.0 , 0.01G,999.9, 100000,
723060,13722, 19900527,   73.2,24,   65.1,24, 1009.5,24,  993.9,24,   7.3,24,   7.6,24,  13.0,  21.0,   86.0 ,  62.1 , 0.82G,999.9, 110010,
723060,13722, 19900528,   62.4,24,   60.6,24, 1010.4,24,  994.7,24,   3.8,24,   8.4,24,  13.0,  15.0,   81.0 ,  59.0 , 0.20G,999.9, 110010,
723060,13722, 19900529,   64.9,24,   61.6,24, 1003.6,24,  987.9,24,   4.1,24,   7.3,24,  13.0, 999.9,   73.0*,  59.0 , 1.24G,999.9, 110000,
723060,13722, 19900530,   65.7,24,   51.1,24, 1011.2,24,  995.5,24,  14.7,24,   9.8,24,  14.0,  20.0,   77.0*,  53.1 , 0.07G,999.9, 000000,
723060,13722, 19900531,   68.1,24,   53.5,24, 1020.2,24, 1004.4,24,   8.6,24,   5.1,24,   8.0, 999.9,   78.1*,  53.1 , 0.00G,999.9, 000000,
723060,13722, 19900601,   72.0,24,   59.7,24, 1024.1,24, 1008.3,24,   6.3,24,   5.5,24,  11.1, 999.9,   82.9 ,  59.0 , 0.00G,999.9, 100000,
723060,13722, 19900602,   71.1,24,   61.8,24, 1025.3,24, 1009.5,24,   6.6,24,   7.6,24,  10.1, 999.9,   82.9 ,  62.1 , 0.00G,999.9, 100000,
723060,13722, 19900603,   73.7,24,   66.9,24, 1018.9,24, 1003.2,24,   7.2,24,   9.3,24,  14.0,  26.0,   86.0*,  62.1 , 0.00G,999.9, 010010,
723060,13722, 19900604,   76.5,24,   65.6,24, 1010.9,24,  995.3,24,  10.6,24,   8.7,24,  15.0, 999.9,   87.1 ,  66.9 , 0.00G,999.9, 010010,
723060,13722, 19900605,   65.3,24,   51.1,24, 1016.5,24, 1000.8,24,  11.6,24,   8.4,24,  12.0, 999.9,   87.1 ,  55.9 , 0.01G,999.9, 000000,
723060,13722, 19900606,   66.4,24,   58.1,24, 1020.1,24, 1004.2,24,   5.3,24,   6.7,24,  14.0, 999.9,   82.0*,  53.1 , 0.00G,999.9, 100000,
723060,13722, 19900607,   77.2,24,   66.1,24, 1018.0,24, 1002.3,24,   5.0,24,   7.9,24,  11.1, 999.9,   89.1*,  53.1 , 0.00G,999.9, 100000,
723060,13722, 19900608,   80.6,24,   71.7,24, 1018.3,24, 1002.7,24,   5.2,24,   5.2,24,  11.1, 999.9,   93.0*,  66.0 , 0.00G,999.9, 100000,
723060,13722, 19900609,   79.7,24,   68.8,24, 1017.1,24, 1001.5,24,   5.6,24,   7.4,24,  11.1, 999.9,   93.9 ,  69.1 , 0.00G,999.9, 000000,
723060,13722, 19900610,   79.2,24,   67.0,24, 1014.4,24,  998.8,24,   7.2,24,   7.0,24,  14.0, 999.9,   91.0 ,  68.0 , 0.00G,999.9, 010000,
723060,13722, 19900611,   73.0,24,   54.1,24, 1015.3,24,  999.7,24,  12.1,24,   9.6,24,  15.0,  20.0,   88.0 ,  62.1 , 0.00G,999.9, 000000,
723060,13722, 19900612,   68.4,24,   51.6,24, 1020.5,24, 1004.7,24,  16.0,24,   7.7,24,  13.0,  20.0,   81.0 ,  55.9 , 0.00D,999.9, 000000,
723060,13722, 19900613,   67.3,24,   53.0,24, 1023.0,24, 1007.1,24,  12.5,24,   2.9,24,   6.0, 999.9,   80.1*,  54.0 , 0.00G,999.9, 000000,
723060,13722, 19900614,   74.2,24,   62.5,24, 1017.5,24, 1001.8,24,   6.3,24,   3.9,24,   8.9, 999.9,   88.0 ,  54.0 , 0.00G,999.9, 100000,
723060,13722, 19900615,   73.0,24,   68.5,24, 1012.3,24,  996.7,24,   2.5,24,   5.1,24,  12.0,  19.0,   89.1 ,  61.0 , 0.20G,999.9, 110000,
723060,13722, 19900616,   71.9,24,   64.5,24, 1017.3,24, 1001.6,24,   6.6,24,   6.7,24,  12.0, 999.9,   80.1*,  64.9 , 0.00D,999.9, 100000,
723060,13722, 19900617,   74.4,24,   64.7,24, 1020.2,24, 1004.4,24,   8.9,24,   3.3,24,   8.0, 999.9,   87.1*,  63.0 , 0.00G,999.9, 100000,
723060,13722, 19900618,   77.0,24,   66.6,24, 1016.0,24, 1000.3,24,   9.1,24,   4.9,24,  11.1, 999.9,   91.0*,  63.0 , 0.00G,999.9, 100000,
723060,13722, 19900619,   79.2,24,   66.6,24, 1009.4,24,  993.8,23,   5.6,24,   7.2,24,  24.1,  39.0,   91.0 ,  64.0 , 0.30G,999.9, 110010,
723060,13722, 19900620,   75.4,24,   60.2,24, 1012.5,24,  996.9,24,   8.8,24,   4.3,24,  10.1, 999.9,   90.0 ,  57.9 , 0.00G,999.9, 100000,
723060,13722, 19900621,   80.7,24,   66.6,24, 1013.8,24,  998.2,24,   7.9,24,   5.6,24,  12.0,  18.1,   93.9*,  57.9 , 0.00G,999.9, 000000,
723060,13722, 19900622,   78.7,24,   70.6,24, 1013.9,24,  998.3,24,   6.7,24,   5.2,24,  26.0,  41.0,   93.9 ,  66.0 , 0.47G,999.9, 110010,
723060,13722, 19900623,   78.6,24,   69.0,24, 1008.0,24,  992.5,24,   6.7,24,   8.1,24,  12.0,  15.9,   90.0 ,  66.0 , 0.02G,999.9, 100000,
723060,13722, 19900624,   73.7,24,   57.4,24, 1010.3,24,  994.7,24,  10.9,24,   5.3,24,  13.0, 999.9,   87.1 ,  63.0 , 0.03G,999.9, 000000,
723060,13722, 19900625,   72.9,24,   57.3,24, 1017.6,24, 1001.9,24,   9.7,24,   4.2,24,   8.9, 999.9,   84.0*,  55.9 , 0.00G,999.9, 000000,
723060,13722, 19900626,   74.8,24,   63.2,24, 1020.1,24, 1004.3,24,   8.3,24,   3.8,24,   8.0, 999.9,   84.9 ,  55.9 , 0.00G,999.9, 000000,
723060,13722, 19900627,   76.6,24,   65.4,24, 1018.5,24, 1002.8,24,   7.1,24,   3.5,24,   8.9, 999.9,   90.0*,  62.1 , 0.00G,999.9, 100000,
723060,13722, 19900628,   79.3,24,   68.5,24, 1018.8,24, 1003.2,24,   8.6,24,   4.0,24,   8.0, 999.9,   91.0*,  63.0 , 0.00G,999.9, 000000,
723060,13722, 19900629,   81.6,24,   67.7,24, 1019.0,24, 1003.3,24,   5.3,24,   6.7,24,  13.0, 999.9,   93.9*,  69.1 , 0.00G,999.9, 100000,
723060,13722, 19900630,   82.9,24,   67.9,24, 1016.0,24, 1000.4,24,   5.8,24,   7.5,24,  13.0, 999.9,   93.9 ,  69.1 , 0.00G,999.9, 000000,
723060,13722, 19900701,   82.6,24,   68.3,24, 1011.3,24,  995.8,24,   5.3,24,   5.8,24,  12.0, 999.9,   93.9 ,  72.0 , 0.00G,999.9, 110010,
723060,13722, 19900702,   73.3,24,   61.8,24, 1012.8,24,  997.2,24,   8.9,24,   7.5,24,  13.0, 999.9,   93.0 ,  64.9 , 0.00G,999.9, 100000,
723060,13722, 19900703,   72.9,24,   59.0,24, 1018.7,24, 1003.0,24,  12.5,24,   3.2,24,   8.9, 999.9,   86.0*,  57.9 , 0.00G,999.9, 000000,
723060,13722, 19900704,   77.6,24,   64.7,24, 1020.0,24, 1004.3,24,   9.4,24,   7.9,24,  15.0,  15.9,   91.9*,  57.9 , 0.00G,999.9, 100000,
723060,13722, 19900705,   82.7,24,   65.8,24, 1015.7,24, 1000.1,24,   6.8,24,   8.0,24,  13.0,  19.0,   96.1*,  64.9 , 0.00G,999.9, 000000,
723060,13722, 19900706,   84.7,24,   69.9,24, 1012.9,24,  997.4,24,   5.6,24,   4.3,24,  10.1, 999.9,   96.1 ,  68.0 , 0.00G,999.9, 100000,
723060,13722, 19900707,   79.9,24,   68.7,24, 1017.3,24, 1001.7,24,   5.7,24,   5.8,24,   8.9, 999.9,   95.0 ,  71.1 , 0.00G,999.9, 100000,
723060,13722, 19900708,   79.4,24,   70.6,24, 1022.1,24, 1006.4,24,   6.0,24,   6.6,24,  14.0,  15.0,   90.0*,  71.1 , 0.00G,999.9, 100000,
723060,13722, 19900709,   83.9,24,   73.0,24, 1020.1,24, 1004.5,24,   6.1,24,   7.9,24,  10.1,  15.9,   96.1*,  71.1 , 0.00G,999.9, 100000,
723060,13722, 19900710,   86.5,24,   71.4,24, 1017.6,24, 1002.1,24,   5.8,24,   7.8,24,  18.1, 999.9,   97.0 ,  73.0 , 0.00G,999.9, 000000,
723060,13722, 19900711,   80.0,24,   71.8,24, 1017.4,24, 1001.8,24,   6.1,24,   6.5,24,  11.1,  26.0,   98.1 ,  71.1 , 0.53G,999.9, 110010,
723060,13722, 19900712,   81.3,24,   71.4,24, 1016.7,24, 1001.1,24,   6.7,24,   8.0,24,  19.0,  22.9,   96.1 ,  71.1 , 0.09G,999.9, 110010,
723060,13722, 19900713,   77.2,24,   70.2,24, 1017.8,24, 1002.2,24,  10.5,24,   7.6,24,  17.1,  26.0,   93.9 ,  70.0 , 0.57G,999.9, 110010,
723060,13722, 19900714,   76.6,24,   72.4,24, 1016.2,24, 1000.6,24,   8.4,24,   8.0,24,  15.0,  26.0,   90.0 ,  70.0 , 0.26G,999.9, 110010,
723060,13722, 19900715,   78.0,24,   70.5,24, 1015.6,24, 1000.0,24,   9.6,24,   9.0,24,  12.0,  19.0,   88.0 ,  73.0 , 0.04G,999.9, 110000,
723060,13722, 19900716,   78.8,24,   69.8,24, 1022.1,24, 1006.4,24,   7.2,24,   5.2,24,  11.1,  15.0,   89.1 ,  71.1 , 0.03G,999.9, 100000,
723060,13722, 19900717,   76.6,24,   70.0,24, 1025.8,24, 1010.0,24,   7.1,24,   4.8,24,  15.0,  24.1,   89.1 ,  69.1 , 0.00G,999.9, 110010,
723060,13722, 19900718,   75.7,24,   69.0,24, 1025.2,24, 1009.4,24,  10.2,24,   3.5,24,  10.1, 999.9,   90.0 ,  66.9 , 0.00G,999.9, 010010,
723060,13722, 19900719,   79.0,24,   70.5,24, 1022.7,24, 1007.0,24,  11.4,24,   1.6,24,   7.0, 999.9,   88.0*,  66.9 , 0.00G,999.9, 010000,
723060,13722, 19900720,   78.0,24,   69.3,24, 1020.8,24, 1005.2,23,  11.1,24,   6.5,24,  12.0,  15.0,   89.1 ,  70.0 , 0.00G,999.9, 010000,
723060,13722, 19900721,   80.8,24,   71.3,24, 1017.2,24, 1001.6,24,   9.1,24,   6.5,24,  11.1, 999.9,   91.0*,  70.0 , 0.00G,999.9, 010000,
723060,13722, 19900722,   79.0,24,   70.6,24, 1014.6,24,  999.0,24,   7.2,24,   5.4,24,  15.9,  21.0,   91.9 ,  69.1 , 0.63G,999.9, 110010,
723060,13722, 19900723,   81.6,24,   69.9,24, 1012.8,24,  997.3,24,   8.6,24,   6.0,24,  11.1, 999.9,   93.0 ,  69.1 , 0.00G,999.9, 000000,
723060,13722, 19900724,   80.1,24,   65.1,24, 1016.1,24, 1000.5,24,   8.2,24,   7.0,24,  10.1, 999.9,   91.9 ,  70.0 , 0.00G,999.9, 010000,
723060,13722, 19900725,   77.5,24,   63.3,24, 1019.4,24, 1003.7,24,   8.5,24,   5.7,24,  10.1,  15.0,   89.1 ,  66.0 , 0.00G,999.9, 100000,
723060,13722, 19900726,   78.6,24,   62.0,24, 1021.6,24, 1005.9,24,   7.3,24,   7.6,24,  15.0,  18.1,   89.1 ,  66.0 , 0.00G,999.9, 000000,
723060,13722, 19900727,   75.8,24,   64.6,24, 1020.4,24, 1004.7,24,   7.4,24,   7.4,24,  13.0, 999.9,   89.1 ,  64.9 , 0.00G,999.9, 110000,
723060,13722, 19900728,   76.7,24,   69.4,24, 1019.0,24, 1003.3,24,   8.9,24,   7.4,24,  14.0,  18.1,   87.1 ,  64.9 , 0.10G,999.9, 100000,
723060,13722, 19900729,   77.1,24,   67.0,24, 1016.7,24, 1001.1,24,   8.8,24,   6.8,24,  11.1, 999.9,   87.1 ,  68.0 , 0.00G,999.9, 100000,
723060,13722, 19900730,   78.2,24,   67.6,24, 1014.6,24,  999.0,24,   9.1,24,   3.7,24,   8.0, 999.9,   89.1 ,  66.9 , 0.00G,999.9, 100000,
723060,13722, 19900731,   82.6,24,   68.8,24, 1012.1,24,  996.6,24,   6.4,24,   6.2,24,  12.0, 999.9,   95.0*,  66.9 , 0.00G,999.9, 100000,
723060,13722, 19900801,   79.4,24,   62.2,24, 1016.5,24, 1000.9,24,   7.2,24,   7.0,24,  10.1, 999.9,   95.0 ,  70.0 , 0.00G,999.9, 000000,
723060,13722, 19900802,   73.2,24,   59.0,24, 1020.4,24, 1004.6,24,   7.5,24,   3.9,24,  10.1, 999.9,   88.0 ,  61.0 , 0.00G,999.9, 000000,
723060,13722, 19900803,   76.5,24,   62.1,24, 1019.8,24, 1004.0,24,   9.0,24,   2.9,24,  10.1, 999.9,   88.0*,  61.0 , 0.00G,999.9, 010000,
723060,13722, 19900804,   79.0,24,   65.4,24, 1018.6,24, 1003.0,24,   7.6,24,   4.3,24,   8.0, 999.9,   91.0*,  64.0 , 0.00G,999.9, 100000,
723060,13722, 19900805,   80.5,24,   67.8,24, 1017.7,24, 1002.1,24,   5.8,24,   6.7,24,  13.0, 999.9,   91.9 ,  66.0 , 0.00G,999.9, 100000,
723060,13722, 19900806,   78.8,24,   69.3,24, 1016.5,24, 1000.9,24,   7.2,24,   6.5,24,  12.0,  17.1,   90.0 ,  72.0 , 0.04G,999.9, 110010,
723060,13722, 19900807,   75.7,24,   69.7,24, 1017.0,24, 1001.3,24,   5.1,24,   5.4,24,  10.1, 999.9,   88.0 ,  71.1 , 0.39G,999.9, 110010,
723060,13722, 19900808,   74.4,24,   69.3,24, 1019.5,24, 1003.8,24,   3.0,24,   5.4,24,  10.1, 999.9,   86.0 ,  68.0 , 0.02G,999.9, 110000,
723060,13722, 19900809,   68.9,24,   67.2,24, 1019.7,24, 1004.0,24,   2.1,24,   7.6,24,  15.0,  17.1,   84.0 ,  64.9 , 0.48G,999.9, 110000,
723060,13722, 19900810,   70.0,24,   66.5,24, 1017.8,24, 1002.0,24,   4.2,24,   5.9,24,   8.9, 999.9,   81.0*,  64.9 , 0.01G,999.9, 110000,
723060,13722, 19900811,   74.4,24,   66.5,24, 1017.9,24, 1002.2,24,   6.9,24,   2.7,24,   7.0, 999.9,   87.1*,  64.0 , 0.00G,999.9, 100000,
723060,13722, 19900812,   76.9,24,   65.2,24, 1020.7,24, 1005.0,24,   6.5,24,   2.6,24,   8.0, 999.9,   91.0*,  63.0 , 0.00D,999.9, 100000,
723060,13722, 19900813,   80.0,24,   68.7,24, 1020.4,24, 1004.7,24,   5.8,24,   6.4,24,  11.1,  15.9,   91.9 ,  63.0 , 0.00G,999.9, 100000,
723060,13722, 19900814,   78.6,24,   69.0,24, 1018.7,24, 1003.0,24,   5.7,24,   5.5,24,  11.1,  17.1,   91.9 ,  70.0 , 0.00G,999.9, 110010,
723060,13722, 19900815,   73.6,24,   70.0,24, 1019.4,24, 1003.7,24,   3.3,24,   3.2,24,  13.0,  21.0,   91.9 ,  66.9 , 0.22G,999.9, 110010,
723060,13722, 19900816,   76.2,24,   73.1,24, 1018.9,24, 1003.2,24,   3.2,24,   3.3,24,  15.0,  24.1,   87.1 ,  66.9 , 0.53G,999.9, 110010,
723060,13722, 19900817,   74.5,24,   69.2,24, 1019.5,24, 1003.8,24,   4.6,24,   4.5,24,   8.0, 999.9,   82.9 ,  68.0 , 0.37G,999.9, 110010,
723060,13722, 19900818,   77.5,24,   69.7,24, 1019.4,24, 1003.7,24,   5.1,24,   3.2,24,   8.0, 999.9,   88.0 ,  69.1 , 0.07G,999.9, 100000,
723060,13722, 19900819,   79.1,24,   70.7,24, 1017.4,24, 1001.8,24,   5.1,24,   3.8,24,   8.0, 999.9,   91.9*,  69.1 , 0.00G,999.9, 100000,
723060,13722, 19900820,   81.5,24,   73.3,24, 1017.7,24, 1002.1,24,   4.4,24,   3.1,24,   6.0, 999.9,   93.0 ,  70.0 , 0.00G,999.9, 110000,
723060,13722, 19900821,   74.4,24,   70.1,24, 1020.3,24, 1004.6,24,   2.8,24,   6.1,24,   8.9, 999.9,   93.0 ,  69.1 , 0.00G,999.9, 110000,
723060,13722, 19900822,   74.6,24,   70.0,24, 1018.1,24, 1002.4,24,   3.6,24,   4.5,24,   8.9, 999.9,   82.0*,  69.1 , 0.00G,999.9, 100000,
723060,13722, 19900823,   75.1,24,   70.9,24, 1015.6,24,  999.9,24,   4.2,24,   3.9,24,  11.1,  15.9,   86.0 ,  70.0 , 0.00G,999.9, 110010,
723060,13722, 19900824,   75.7,24,   71.1,24, 1016.4,24, 1000.8,24,   3.8,24,   4.2,24,   8.0, 999.9,   86.0 ,  70.0 , 0.20G,999.9, 110000,
723060,13722, 19900825,   77.6,24,   72.6,24, 1020.0,24, 1004.3,24,   3.4,24,   4.3,24,   7.0, 999.9,   89.1*,  70.0 , 0.00G,999.9, 100000,
723060,13722, 19900826,   80.6,24,   73.5,24, 1020.0,24, 1004.4,24,   5.1,24,   4.0,24,   9.9, 999.9,   91.9*,  70.0 , 0.26G,999.9, 110010,
723060,13722, 19900827,   82.2,24,   73.3,24, 1017.3,24, 1001.7,24,   5.1,24,   2.7,24,   7.0, 999.9,   93.9 ,  72.0 , 0.00G,999.9, 100000,
723060,13722, 19900828,   81.6,24,   71.3,24, 1014.3,24,  998.7,24,   4.6,24,   3.9,24,  12.0, 999.9,   95.0 ,  70.0 , 0.00G,999.9, 100000,
723060,13722, 19900829,   80.0,24,   70.6,24, 1010.9,24,  995.3,24,   5.1,24,   5.4,24,  13.0,  21.0,   96.1 ,  70.0 , 0.00G,999.9, 110010,
723060,13722, 19900830,   75.6,24,   67.4,24, 1011.8,24,  996.2,24,   6.1,24,   6.6,24,  12.0, 999.9,   96.1 ,  68.0 , 0.07G,999.9, 100000,
723060,13722, 19900831,   74.6,24,   63.3,24, 1018.4,24, 1002.7,24,   8.1,24,   6.4,24,  11.1,  15.9,   84.9 ,  63.0 , 0.00G,999.9, 100000,
723060,13722, 19900901,   74.6,24,   63.4,24, 1022.6,24, 1006.8,24,  11.0,24,   5.2,24,   8.0, 999.9,   86.0*,  62.1 , 0.00G,999.9, 100000,
723060,13722, 19900902,   76.9,24,   65.2,24, 1020.8,24, 1005.1,24,   8.3,24,   3.9,24,   8.0, 999.9,   91.9*,  62.1 , 0.00G,999.9, 100000,
723060,13722, 19900903,   80.5,24,   68.9,24, 1019.3,24, 1003.6,24,   4.9,24,   5.0,24,  12.0,  15.9,   91.9 ,  63.0 , 0.00G,999.9, 100000,
723060,13722, 19900904,   73.1,24,   62.8,24, 1025.7,24, 1009.9,24,   7.1,24,   6.3,24,  10.1, 999.9,   90.0 ,  64.9 , 0.00G,999.9, 100000,
723060,13722, 19900905,   71.2,24,   59.7,24, 1023.2,24, 1007.4,24,  10.3,24,   3.0,24,   8.9, 999.9,   86.0*,  57.0 , 0.00G,999.9, 100000,
723060,13722, 19900906,   79.0,24,   66.4,24, 1016.9,24, 1001.3,24,   5.4,24,   4.4,24,  10.1, 999.9,   93.9*,  57.0 , 0.00G,999.9, 100000,
723060,13722, 19900907,   83.9,24,   70.1,24, 1012.6,24,  997.1,24,   5.1,24,   5.5,24,  10.1,  15.9,   98.1*,  66.9 , 0.00G,999.9, 100000,
723060,13722, 19900908,   77.6,24,   70.3,24, 1015.6,24, 1000.0,24,   5.9,24,   5.9,24,  10.1,  15.0,   98.1 ,  71.1 , 0.00H,999.9, 110010,
723060,13722, 19900909,   74.4,24,   69.2,24, 1019.9,24, 1004.2,24,   6.5,24,   6.1,24,   8.9,  14.0,   82.9 ,  69.1 , 0.07G,999.9, 110000,
723060,13722, 19900910,   77.9,24,   72.6,24, 1018.3,24, 1002.6,24,   4.4,24,   5.2,24,  13.0,  20.0,   91.0 ,  69.1 , 0.00D,999.9, 110010,
723060,13722, 19900911,   75.8,24,   67.0,24, 1020.8,24, 1005.1,24,   5.6,24,   4.6,24,  10.1, 999.9,   91.9 ,  68.0 , 0.20G,999.9, 110010,
723060,13722, 19900912,   75.7,24,   64.8,24, 1022.0,24, 1006.2,24,   8.7,24,   3.8,24,   7.0,  12.0,   88.0 ,  66.0 , 0.00G,999.9, 000000,
723060,13722, 19900913,   72.8,24,   67.0,24, 1021.0,24, 1005.3,24,   5.6,24,   2.3,24,   5.1, 999.9,   88.0 ,  66.0 , 0.00G,999.9, 110000,
723060,13722, 19900914,   75.4,24,   70.7,24, 1017.2,24, 1001.5,24,   3.0,24,   4.0,24,  12.0, 999.9,   84.9*,  66.0 , 0.02G,999.9, 110000,
723060,13722, 19900915,   77.4,24,   64.2,24, 1009.4,24,  993.9,24,   9.1,24,   8.0,24,  12.0, 999.9,   88.0*,  70.0 , 0.01G,999.9, 100000,
723060,13722, 19900916,   73.1,24,   57.9,24, 1008.7,24,  993.1,24,  14.2,24,   4.4,24,  12.0, 999.9,   88.0 ,  62.1 , 0.00G,999.9, 000000,
723060,13722, 19900917,   67.7,24,   48.9,24, 1017.2,24, 1001.5,24,  17.2,24,   7.1,24,  12.0, 999.9,   86.0 ,  57.9 , 0.00G,999.9, 000000,
723060,13722, 19900918,   60.4,24,   45.0,24, 1026.3,24, 1010.2,24,  15.3,24,   4.2,24,  10.1, 999.9,   75.0 ,  46.0 , 0.00G,999.9, 000000,
723060,13722, 19900919,   63.6,24,   52.4,24, 1021.6,24, 1005.7,24,   9.6,24,   6.4,24,  14.0, 999.9,   77.0*,  46.0 , 0.00G,999.9, 010000,
723060,13722, 19900920,   72.7,24,   61.6,24, 1016.4,24, 1000.7,24,   6.9,24,   5.2,24,   8.9, 999.9,   82.9 ,  54.0 , 0.00G,999.9, 100000,
723060,13722, 19900921,   70.8,24,   60.5,24, 1019.2,24, 1003.4,24,   6.4,24,   5.8,24,   8.0, 999.9,   84.9 ,  64.0 , 0.00G,999.9, 100000,
723060,13722, 19900922,   71.2,24,   65.1,24, 1012.3,24,  996.7,24,   5.1,24,   5.6,24,  12.0, 999.9,   81.0*,  66.0 , 0.01G,999.9, 110000,
723060,13722, 19900923,   66.7,24,   51.1,24, 1010.1,24,  994.5,24,  12.7,24,   7.6,24,  15.9,  20.0,   82.0 ,  51.1 , 0.00D,999.9, 000000,
723060,13722, 19900924,   58.3,24,   40.7,24, 1018.3,24, 1002.3,24,  14.9,24,   7.3,24,  12.0, 999.9,   75.0 ,  46.0 , 0.00G,999.9, 000000,
723060,13722, 19900925,   58.6,24,   43.4,24, 1018.8,24, 1002.8,24,  15.7,24,   3.6,24,  11.1, 999.9,   75.9*,  43.0 , 0.00G,999.9, 000000,
723060,13722, 19900926,   66.1,24,   47.8,24, 1014.4,24,  998.6,24,  14.7,24,   7.5,24,  13.0, 999.9,   84.0*,  43.0 , 0.00G,999.9, 000000,
723060,13722, 19900927,   67.9,24,   54.2,24, 1017.6,24, 1001.9,24,   9.7,24,   3.8,24,   8.0, 999.9,   84.0 ,  51.1 , 0.00G,999.9, 000000,
723060,13722, 19900928,   67.7,24,   56.5,24, 1022.1,24, 1006.2,24,   7.5,24,   2.2,24,   5.1, 999.9,   82.0 ,  53.1 , 0.00G,999.9, 100000,
723060,13722, 19900929,   67.8,24,   56.8,24, 1022.0,24, 1006.1,24,   7.8,24,   3.0,24,   6.0, 999.9,   82.0 ,  53.1 , 0.00G,999.9, 100000,
723060,13722, 19900930,   68.7,24,   60.9,24, 1018.8,24, 1003.0,24,   7.9,24,   3.1,24,   7.0, 999.9,   81.0 ,  53.1 , 0.00G,999.9, 100000,
723060,13722, 19901001,   65.3,24,   55.9,24, 1019.2,24, 1003.3,24,   9.7,24,   5.0,24,  10.1, 999.9,   77.0 ,  60.1 , 0.00G,999.9, 110000,
723060,13722, 19901002,   64.1,24,   51.8,24, 1020.5,24, 1004.5,24,   8.0,24,   2.8,24,   8.0, 999.9,   82.0*,  48.9 , 0.00G,999.9, 100000,
723060,13722, 19901003,   66.7,24,   58.3,24, 1025.2,24, 1009.3,24,   7.1,24,   3.9,24,   8.0, 999.9,   82.9 ,  48.9 , 0.00G,999.9, 100000,
723060,13722, 19901004,   72.1,24,   64.7,24, 1021.2,24, 1005.4,24,   6.0,24,   8.8,24,  20.0,  27.0,   84.9*,  57.0 , 0.00G,999.9, 110000,
723060,13722, 19901005,   67.0,24,   55.0,24, 1021.2,24, 1005.3,24,  13.0,24,   2.8,24,   6.0, 999.9,   84.9 ,  51.1 , 0.24G,999.9, 100000,
723060,13722, 19901006,   65.5,24,   51.8,24, 1022.3,24, 1006.4,24,  19.3,24,   3.9,24,   8.0, 999.9,   84.9*,  48.9 , 0.00G,999.9, 000000,
723060,13722, 19901007,   70.6,24,   64.2,24, 1022.8,24, 1007.0,24,  10.6,24,   3.8,24,   8.9, 999.9,   86.0*,  48.9 , 0.00G,999.9, 100000,
723060,13722, 19901008,   75.4,24,   66.7,24, 1022.8,24, 1007.1,24,  13.2,24,   5.6,24,  10.1, 999.9,   86.0 ,  61.0 , 0.00G,999.9, 000000,
723060,13722, 19901009,   74.0,24,   64.7,24, 1021.1,24, 1005.3,24,  11.8,24,   5.6,24,  11.1, 999.9,   87.1 ,  60.1 , 0.00G,999.9, 000000,
723060,13722, 19901010,   71.4,24,   65.5,24, 1017.1,24, 1001.4,24,  10.9,24,   6.4,24,   8.9, 999.9,   88.0 ,  60.1 , 0.05G,999.9, 010000,
723060,13722, 19901011,   72.1,24,   68.8,24, 1014.5,24,  998.9,24,   6.4,24,  11.1,24,  22.9,  29.9,   82.9 ,  62.1 , 1.32G,999.9, 110000,
723060,13722, 19901012,   74.0,24,   67.9,24, 1015.0,24,  999.3,24,  10.1,24,   7.3,24,  13.0,  18.1,   82.9 ,  68.0 , 0.07G,999.9, 100000,
723060,13722, 19901013,   74.1,24,   70.8,24, 1008.9,24,  993.4,24,   6.2,24,   5.7,24,   8.9, 999.9,   84.0 ,  68.0 , 0.34G,999.9, 110000,
723060,13722, 19901014,   71.8,24,   64.2,24, 1011.2,24,  995.6,24,   9.5,24,   4.5,24,  10.1, 999.9,   82.0 ,  63.0 , 0.33G,999.9, 100000,
723060,13722, 19901015,   68.2,24,   56.7,24, 1015.2,24,  999.5,24,   9.8,24,   5.0,24,  11.1, 999.9,   82.9 ,  57.0 , 0.00G,999.9, 100000,
723060,13722, 19901016,   64.7,24,   47.6,24, 1023.2,24, 1007.3,24,  13.8,24,   5.3,24,  10.1, 999.9,   82.0 ,  51.1 , 0.00G,999.9, 000000,
723060,13722, 19901017,   63.9,24,   53.4,24, 1025.8,24, 1009.8,24,  11.1,24,   5.0,24,  11.1, 999.9,   81.0*,  51.1 , 0.00G,999.9, 000000,
723060,13722, 19901018,   70.5,24,   64.7,24, 1016.0,24, 1000.6,23,   8.0,24,  10.1,24,  14.0,  22.9,   82.0 ,  52.0 , 0.02G,999.9, 110000,
723060,13722, 19901019,   55.0,24,   38.0,24, 1017.6,24, 1001.6,24,  16.4,24,   7.8,24,  19.0,  26.0,   75.9 ,  39.0 , 0.28G,999.9, 010000,
723060,13722, 19901020,   52.2,24,   40.5,24, 1025.1,24, 1008.9,24,  17.8,24,   4.2,24,   8.9, 999.9,   64.9 ,  39.0 , 0.00G,999.9, 000000,
723060,13722, 19901021,   58.1,24,   50.6,24, 1025.3,24, 1009.2,24,  10.8,24,   3.3,24,   6.0, 999.9,   75.9*,  39.9 , 0.00G,999.9, 100000,
723060,13722, 19901022,   65.3,24,   59.1,24, 1019.7,24, 1003.8,24,  12.3,24,   5.3,24,  10.1, 999.9,   78.1 ,  46.0 , 0.00G,999.9, 010000,
723060,13722, 19901023,   69.3,24,   64.8,24, 1009.5,24,  993.8,24,   8.8,24,   7.8,24,  12.0, 999.9,   77.0 ,  55.0 , 2.42G,999.9, 110000,
723060,13722, 19901024,   63.3,24,   53.0,24, 1011.9,24,  996.1,24,  15.6,24,   5.4,24,  10.1, 999.9,   77.0 ,  53.1 , 1.77G,999.9, 000000,
723060,13722, 19901025,   58.2,24,   50.2,24, 1007.8,24,  992.0,24,   8.1,24,   7.4,24,  15.9,  24.1,   73.0 ,  52.0*, 0.00G,999.9, 110000,
723060,13722, 19901026,   51.9,24,   36.2,24, 1009.5,24,  993.5,24,  11.5,24,  14.0,24,  18.1,  27.0,   62.1 ,  46.0 , 1.02G,999.9, 110000,
723060,13722, 19901027,   45.9,24,   27.7,24, 1023.5,24, 1007.2,24,  14.9,24,   3.5,24,  10.1, 999.9,   60.1*,  30.9 , 0.02G,999.9, 000000,
723060,13722, 19901028,   51.7,24,   34.9,24, 1021.6,24, 1005.4,24,  15.9,24,   6.6,24,  13.0,  15.9,   66.9 ,  30.9 , 0.00G,999.9, 000000,
723060,13722, 19901029,   49.3,24,   31.2,24, 1024.9,24, 1008.7,24,  19.7,24,   4.7,24,  11.1, 999.9,   68.0 ,  36.0 , 0.00D,999.9, 000000,
723060,13722, 19901030,   47.8,24,   33.5,24, 1028.0,24, 1011.6,24,  16.8,24,   3.0,24,   7.0, 999.9,   64.9*,  33.1 , 0.00G,999.9, 000000,
723060,13722, 19901031,   56.0,24,   40.3,24, 1024.8,24, 1008.7,24,  15.3,24,   4.3,24,   8.9, 999.9,   75.9*,  33.1 , 0.00G,999.9, 000000,
723060,13722, 19901101,   57.8,24,   44.6,24, 1024.6,24, 1008.6,24,  13.7,24,   1.3,24,   4.1, 999.9,   79.0*,  42.1 , 0.00G,999.9, 000000,
723060,13722, 19901102,   60.4,24,   45.7,24, 1026.0,24, 1009.9,24,  13.8,24,   3.1,24,   8.0, 999.9,   80.1 ,  42.1 , 0.00G,999.9, 000000,
723060,13722, 19901103,   60.5,24,   45.7,24, 1025.6,24, 1009.5,24,  14.0,24,   3.5,24,   8.9, 999.9,   79.0 ,  45.0 , 0.00G,999.9, 000000,
723060,13722, 19901104,   60.3,24,   48.9,24, 1021.3,24, 1005.4,24,  13.0,24,   3.4,24,   8.9, 999.9,   79.0 ,  45.0 , 0.00G,999.9, 000000,
723060,13722, 19901105,   62.6,24,   52.4,24, 1013.5,24,  997.7,24,  10.3,24,   4.6,24,  12.0, 999.9,   77.0 ,  46.0 , 0.00G,999.9, 100000,
723060,13722, 19901106,   61.2,24,   45.5,24, 1012.1,24,  996.4,24,  15.6,24,   8.4,24,  14.0, 999.9,   77.0 ,  48.0 , 0.00G,999.9, 000000,
723060,13722, 19901107,   53.1,24,   39.7,24, 1019.5,24, 1003.4,24,  19.9,24,   3.9,24,   7.0, 999.9,   69.1 ,  39.9 , 0.00G,999.9, 000000,
723060,13722, 19901108,   50.2,24,   33.0,24, 1021.8,24, 1005.7,24,  19.9,24,   6.8,24,  12.0, 999.9,   68.0 ,  39.9 , 0.00G,999.9, 000000,
723060,13722, 19901109,   45.2,24,   31.8,24, 1024.1,24, 1007.8,24,  14.5,24,   5.9,24,   8.9, 999.9,   57.9 ,  37.0 , 0.00G,999.9, 000000,
723060,13722, 19901110,   54.0,24,   51.2,24, 1004.7,24,  988.8,24,   3.9,24,   8.1,24,  14.0,  15.0,   62.1 ,  37.0 , 0.78G,999.9, 110000,
723060,13722, 19901111,   48.5,24,   31.8,24, 1018.3,24, 1002.1,24,  16.8,24,   8.3,24,  15.0, 999.9,   62.1 ,  37.9 , 0.03G,999.9, 000000,
723060,13722, 19901112,   51.7,24,   36.5,24, 1020.1,24, 1004.0,24,  17.6,24,   6.0,24,  13.0,  18.1,   69.1*,  37.0 , 0.00G,999.9, 000000,
723060,13722, 19901113,   50.7,24,   20.4,24, 1023.0,24, 1006.8,24,  17.8,24,   8.3,24,  15.9,  22.0,   70.0 ,  37.0 , 0.00G,999.9, 000000,
723060,13722, 19901114,   43.8,24,   24.9,24, 1030.4,24, 1014.0,24,  16.2,24,   2.7,24,   7.0, 999.9,   60.1*,  28.9 , 0.00G,999.9, 000000,
723060,13722, 19901115,   45.9,24,   30.8,24, 1032.5,24, 1016.0,24,  14.7,24,   3.5,24,  12.0, 999.9,   66.9*,  28.9 , 0.00G,999.9, 000000,
723060,13722, 19901116,   55.4,24,   40.4,24, 1025.3,24, 1009.1,24,  11.8,24,   4.4,24,   8.0, 999.9,   73.0*,  32.0 , 0.00G,999.9, 000000,
723060,13722, 19901117,   55.2,24,   39.6,24, 1016.2,24, 1000.2,24,  13.4,24,  10.7,24,  22.0,  29.9,   73.9 ,  44.1 , 0.07G,999.9, 010000,
723060,13722, 19901118,   45.2,24,   24.9,24, 1020.2,24, 1003.9,24,  15.8,24,   6.4,24,  15.9, 999.9,   59.0 ,  30.9 , 0.00D,999.9, 000000,
723060,13722, 19901119,   42.1,24,   26.4,24, 1020.3,24, 1003.9,24,  14.6,24,   1.9,24,   7.0, 999.9,   61.0*,  27.0 , 0.00G,999.9, 000000,
723060,13722, 19901120,   49.5,24,   31.3,24, 1021.9,24, 1005.7,24,  13.6,24,   3.2,24,  10.1, 999.9,   64.9 ,  27.0 , 0.00G,999.9, 000000,
723060,13722, 19901121,   46.8,24,   30.8,24, 1026.4,24, 1010.1,24,  10.5,24,   3.1,24,   7.0, 999.9,   66.0 ,  34.0 , 0.00G,999.9, 000000,
723060,13722, 19901122,   49.8,24,   32.1,24, 1022.6,24, 1006.3,24,  12.3,24,   4.0,24,  11.1, 999.9,   69.1*,  34.0 , 0.00G,999.9, 000000,
723060,13722, 19901123,   58.5,24,   48.3,24, 1012.3,24,  996.4,24,   6.9,24,   7.4,24,  11.1, 999.9,   71.1*,  54.0*, 0.00G,999.9, 110000,
723060,13722, 19901124,   53.8,24,   39.3,24, 1011.4,24,  995.5,24,  15.3,24,   7.3,24,  14.0, 999.9,   71.1 ,  46.0 , 0.15G,999.9, 000000,
723060,13722, 19901125,   57.8,24,   37.2,24, 1016.0,24, 1000.0,24,  19.9,24,   7.3,24,  12.0, 999.9,   71.1 ,  46.0 , 0.00G,999.9, 000000,
723060,13722, 19901126,   59.1,24,   40.9,24, 1020.7,24, 1004.7,24,  18.0,24,   5.1,24,  10.1, 999.9,   75.0*,  46.0 , 0.00G,999.9, 000000,
723060,13722, 19901127,   59.3,24,   46.7,24, 1024.5,24, 1008.5,24,  12.3,24,   5.4,24,  12.0, 999.9,   75.9 ,  45.0 , 0.00G,999.9, 000000,
723060,13722, 19901128,   67.2,24,   61.8,24, 1022.1,24, 1006.2,24,   7.2,24,   8.3,24,  13.0,  20.0,   75.9*,  60.1*, 0.04G,999.9, 110000,
723060,13722, 19901129,   60.9,24,   52.9,24, 1021.1,24, 1005.2,24,   8.1,24,   9.7,24,  15.0,  17.1,   77.0 ,  48.0*, 0.44G,999.9, 110000,
723060,13722, 19901130,   41.3,24,   19.7,24, 1031.8,24, 1015.3,24,  18.4,24,   6.3,24,  14.0,  22.0,   51.1*,  30.0 , 0.34G,999.9, 000000,
723060,13722, 19901201,   41.6,24,   23.2,24, 1033.2,24, 1016.6,24,  19.7,24,   4.5,24,  10.1, 999.9,   60.1*,  28.9 , 0.00G,999.9, 000000,
723060,13722, 19901202,   54.2,24,   38.4,24, 1029.1,24, 1012.8,24,  13.3,24,   4.8,24,  10.1, 999.9,   69.1 ,  46.0*, 0.00G,999.9, 000000,
723060,13722, 19901203,   58.4,24,   53.7,24, 1023.3,24, 1007.2,24,   7.0,24,   8.9,24,  14.0,  20.0,   70.0 ,  46.0 , 0.28G,999.9, 110000,
723060,13722, 19901204,   59.5,24,   49.4,24, 1013.3,24,  997.5,24,  10.2,24,  12.7,24,  17.1,  21.0,   68.0 ,  44.1*, 0.40G,999.9, 110000,
723060,13722, 19901205,   36.5,24,   18.4,24, 1023.8,24, 1007.4,24,  18.2,24,   8.5,24,  13.0,  22.0,   46.0*,  27.0 , 0.01G,999.9, 000000,
723060,13722, 19901206,   40.7,24,   20.6,24, 1021.4,24, 1005.0,24,  16.4,24,   4.2,24,   8.9, 999.9,   59.0*,  27.0 , 0.00G,999.9, 000000,
723060,13722, 19901207,   44.0,24,   27.4,24, 1019.0,24, 1002.8,24,  16.7,24,   3.6,24,   8.0, 999.9,   60.1 ,  30.0 , 0.00G,999.9, 000000,
723060,13722, 19901208,   43.3,24,   37.7,24, 1017.9,24, 1001.7,24,   5.6,24,   8.3,24,  13.0, 999.9,   52.0 ,  36.0 , 0.38G,999.9, 110000,
723060,13722, 19901209,   41.7,24,   26.7,24, 1022.5,24, 1006.1,24,  14.6,24,   4.1,24,   8.0, 999.9,   57.0*,  28.0 , 0.05G,999.9, 000000,
723060,13722, 19901210,   46.4,24,   29.8,24, 1020.7,24, 1004.5,24,  14.9,24,   6.0,24,  11.1, 999.9,   66.0*,  28.0 , 0.00G,999.9, 000000,
723060,13722, 19901211,   48.3,24,   27.6,24, 1022.8,24, 1006.6,24,  14.9,24,   4.3,24,   8.0, 999.9,   66.9 ,  30.9 , 0.00G,999.9, 000000,
723060,13722, 19901212,   46.3,24,   32.4,24, 1022.9,24, 1006.6,24,  14.9,24,   4.7,24,  12.0,  17.1,   64.9*,  30.9 , 0.00G,999.9, 000000,
723060,13722, 19901213,   53.8,24,   43.0,24, 1017.5,24, 1001.5,24,  10.4,24,   6.6,24,   8.9, 999.9,   68.0*,  30.9 , 0.00G,999.9, 100000,
723060,13722, 19901214,   51.8,24,   30.1,24, 1024.9,24, 1008.8,24,  13.5,24,   8.8,24,  14.0, 999.9,   68.0 ,  41.0 , 0.00G,999.9, 010000,
723060,13722, 19901215,   41.7,24,   35.0,24, 1026.5,24, 1010.1,24,   6.9,24,   5.6,24,  11.1, 999.9,   57.9 ,  37.0 , 0.05G,999.9, 110000,
723060,13722, 19901216,   54.2,24,   45.7,24, 1018.9,24, 1002.8,24,   8.5,24,   8.4,24,  15.0,  18.1,   59.0 ,  37.0 , 0.01G,999.9, 100000,
723060,13722, 19901217,   43.0,24,   32.3,24, 1023.2,24, 1007.0,24,  16.1,24,   4.9,24,  11.1, 999.9,   59.0 ,  35.1 , 0.00G,999.9, 000000,
723060,13722, 19901218,   58.0,24,   49.2,24, 1012.3,24,  996.3,24,   7.5,24,   9.4,24,  20.0,  29.9,   72.0 ,  35.1 , 0.00G,999.9, 100000,
723060,13722, 19901219,   59.0,24,   50.9,24, 1012.9,24,  997.0,24,   9.9,24,   7.3,24,  15.9,  22.9,   73.0 ,  48.9 , 0.21G,999.9, 110000,
723060,13722, 19901220,   47.3,24,   39.3,24, 1030.0,24, 1013.7,24,  10.3,24,   8.3,24,  10.1, 999.9,   61.0 ,  41.0 , 0.05G,999.9, 110000,
723060,13722, 19901221,   46.8,24,   45.3,24, 1028.4,24, 1012.0,24,   1.5,24,   6.2,24,  11.1, 999.9,   52.0*,  41.0 , 1.16G,999.9, 110000,
723060,13722, 19901222,   57.5,24,   56.1,24, 1023.2,24, 1007.0,24,   1.8,24,   3.5,24,   8.9, 999.9,   70.0*,  42.1 , 0.05G,999.9, 110000,
723060,13722, 19901223,   68.5,24,   62.1,24, 1016.5,24, 1000.8,24,   9.9,24,   8.9,24,  13.0,  21.0,   75.9*,  52.0 , 0.00G,999.9, 100000,
723060,13722, 19901224,   59.6,24,   45.1,24, 1012.0,24,  996.3,24,  13.8,24,  13.0,24,  20.0,  29.9,   75.9 ,  37.9*, 0.01G,999.9, 010000,
723060,13722, 19901225,   31.3,24,   11.8,24, 1028.3,24, 1011.7,24,  19.7,24,   5.6,24,  12.0, 999.9,   39.9*,  21.9 , 0.00D,999.9, 000000,
723060,13722, 19901226,   33.9,24,   17.9,24, 1032.1,24, 1015.4,24,  17.4,24,   4.4,24,  10.1, 999.9,   43.0*,  21.9 , 0.00G,999.9, 000000,
723060,13722, 19901227,   34.8,24,   23.4,24, 1037.2,24, 1020.5,24,   9.7,24,   7.5,24,  14.0, 999.9,   43.0 ,  28.0 , 0.05G,999.9, 111000,
723060,13722, 19901228,   35.2,24,   31.7,24, 1032.0,24, 1015.4,24,   2.4,24,   4.4,24,   8.9, 999.9,   42.1*,  30.9 , 0.45G,999.9, 110000,
723060,13722, 19901229,   42.8,24,   42.7,24, 1030.8,24, 1014.3,24,   0.3,24,   2.4,24,   6.0, 999.9,   50.0*,  30.9 , 0.01G,999.9, 110000,
723060,13722, 19901230,   58.2,24,   57.3,24, 1023.9,24, 1007.8,24,   2.3,24,   7.7,24,  14.0,  22.0,   70.0*,  39.9 , 0.01G,999.9, 110000,
723060,13722, 19901231,   61.1,24,   49.8,24, 1020.8,24, 1004.9,24,  11.7,24,  10.7,24,  15.9,  22.0,   70.0 ,  46.9*, 0.06G,999.9, 010000,
